,whisper-base,babylm-125m,babylm-1.3b,olmo-7b,pythia-6.9b,parakeet-ctc-0.6b
whisper-base,1.000000,0.748956,0.733780,0.314165,0.224797,0.787728
babylm-125m,0.748956,1.000000,0.985742,0.432892,0.305753,0.703150
babylm-1.3b,0.733780,0.985742,1.000000,0.425820,0.301818,0.685861
olmo-7b,0.314165,0.432892,0.425820,1.000000,0.774523,0.507076
pythia-6.9b,0.224797,0.305753,0.301818,0.774523,1.000000,0.464225
parakeet-ctc-0.6b,0.787728,0.703150,0.685861,0.507076,0.464225,1.000000
